acorn,James,79481F,,2017-09-27T08:03:46.4496159-04:00,0001-01-01T00:00:00.0000000
chocolate com leite,Ang√©lica Dass,471F05,,2017-09-23T20:22:27.2714290-04:00,0001-01-01T00:00:00.0000000
sidewalk,Jim,EAC096,,2017-09-17T10:11:31.9854007-04:00,0001-01-01T00:00:00.0000000
lt br sugar,Wesley E,DCB78E,,2017-09-17T10:10:28.0331999-04:00,0001-01-01T00:00:00.0000000
creek stone,Joy,9F8A5F,,2017-09-16T13:37:13.2021004-04:00,0001-01-01T00:00:00.0000000
sandy beach,Joy,EACEAA,,2017-09-16T12:28:22.0277338-04:00,0001-01-01T00:00:00.0000000
Beverley Beige,Beverley,EABB8C,,2017-09-12T16:24:35.9502896-04:00,0001-01-01T00:00:00.0000000
butterscotch,Wesley,EAAD6F,,2017-09-12T16:22:36.5462009-04:00,0001-01-01T00:00:00.0000000
casper,lane,E2C49E,,2017-09-03T09:55:06.2322355-04:00,0001-01-01T00:00:00.0000000
Summer Suntan,Juanita M,CF6C35,,2017-08-22T13:55:27.3803743-04:00,0001-01-01T00:00:00.0000000
I Wish,Julie,B77955,,2017-08-22T13:52:29.4873111-04:00,0001-01-01T00:00:00.0000000
withoutthebeach,Anne,DB945F,,2017-08-22T13:45:52.8492958-04:00,0001-01-01T00:00:00.0000000
paiges palette,paige h,F4BC81,,2017-08-22T13:39:03.2441332-04:00,0001-01-01T00:00:00.0000000
Hunter Hilton,Hunter H,DDAF91,,2017-08-22T13:14:01.7750636-04:00,0001-01-01T00:00:00.0000000
Michigan Rocky Beac,Bonnie M,D7BA96,,2017-08-17T11:19:02.5541828-04:00,0001-01-01T00:00:00.0000000
peachy,Scarlet,F6E2C3,,2017-06-10T21:45:24.7685358-04:00,0001-01-01T00:00:00.0000000
Night Sky,Louis,443926,,2017-06-10T21:36:23.3702708-04:00,0001-01-01T00:00:00.0000000
rice,Joe,E5BE6B,,2017-06-06T21:12:24.8835022-04:00,0001-01-01T00:00:00.0000000
Tennessee sun,Ridge,F2CE91,,2017-06-06T21:01:02.0136622-04:00,0001-01-01T00:00:00.0000000
Farmer tan,John,F9C169,,2017-06-06T20:53:08.2392857-04:00,0001-01-01T00:00:00.0000000
mello mushroom,Melanie,C2A171,,2017-06-06T20:52:29.4505444-04:00,0001-01-01T00:00:00.0000000
maple syrup,Sam,AF9062,,2017-06-06T20:12:18.5780663-04:00,0001-01-01T00:00:00.0000000
hay,Jack,ECDEA5,,2017-06-06T20:11:44.2640590-04:00,0001-01-01T00:00:00.0000000
charcoal,Charley,3F4133,,2017-06-06T20:11:07.3072464-04:00,0001-01-01T00:00:00.0000000
queijo de coalho,fs,EFFEC3,,2017-06-06T20:10:35.0378319-04:00,0001-01-01T00:00:00.0000000
snowflake,Amy,FBF9D5,,2017-06-06T20:07:11.6369491-04:00,0001-01-01T00:00:00.0000000
feeling green,Joe,BBAE7A,,2017-06-05T00:00:00.0000000,0001-01-01T00:00:00.0000000
farmer's tan,McDonald,C99B7F,,2017-06-05T00:00:00.0000000,0001-01-01T00:00:00.0000000
Scotch Irish,Jeff,E5D9BC,,2017-06-05T00:00:00.0000000,0001-01-01T00:00:00.0000000
midnight,Luke,353730,,2017-06-05T00:00:00.0000000,0001-01-01T00:00:00.0000000
Maple,Sammy,D3AE7C,,2017-06-05T00:00:00.0000000,0001-01-01T00:00:00.0000000
brazil nut,Joy,6B5B43,,2017-06-05T00:00:00.0000000,0001-01-01T00:00:00.0000000
pancake,Maple,C4A27E,,2017-06-05T00:00:00.0000000,0001-01-01T00:00:00.0000000
lilly,Tiger,FDDBAF,,2017-06-05T00:00:00.0000000,0001-01-01T00:00:00.0000000
oak,Mike,D3B795,,2017-06-05T00:00:00.0000000,0001-01-01T00:00:00.0000000
ebony,Ivory,6D634F,,2017-06-05T00:00:00.0000000,0001-01-01T00:00:00.0000000
sunburn,Chuck,FBAA9B,,2017-06-05T00:00:00.0000000,0001-01-01T00:00:00.0000000
roast marshmallow,Tim,C9A571,,2017-06-05T00:00:00.0000000,0001-01-01T00:00:00.0000000
Black bear,Terrell,33321D,,2017-06-05T00:00:00.0000000,0001-01-01T00:00:00.0000000
testing,test,CCA772,,2017-06-04T00:00:00.0000000,0001-01-01T00:00:00.0000000
Sun Damage,Wesley E,FDBA84,,2017-06-05T00:00:00.0000000,0001-01-01T00:00:00.0000000
Charcoal,Avery,6D5840,,2017-06-05T00:00:00.0000000,0001-01-01T00:00:00.0000000
Goldenrod,Terry,D1AD62,,2017-06-05T00:00:00.0000000,0001-01-01T00:00:00.0000000
